state,district,category,indicator_no,indicator,nfhs6_value,nfhs5_value,small_sample_flag,boundary_change_single_round
Goa,North Goa,Population and Household Profile,1,Population below age 5 years (%),5.4,5.9,False,False
Goa,North Goa,Population and Household Profile,2,Population below age 15 years (%),17.7,19.3,False,False
Goa,North Goa,Population and Household Profile,3,Population age 60 years and above (%),16.9,13.8,False,False
Goa,North Goa,Population and Household Profile,4,Population living in households with electricity (%),99.3,100.0,False,False
Goa,North Goa,Population and Household Profile,5,Population living in households with an improved drinking-water source1 (%),95.7,98.1,False,False
Goa,North Goa,Population and Household Profile,6,Households using iodized salt (%),97.5,98.1,False,False
Goa,North Goa,Population and Household Profile,7,Households with any usual member covered under a health insurance/financing scheme (%),71.7,71.5,False,False
Goa,North Goa,Population and Household Profile,8,Households with any usual member having a bank account/post office account (%),99.1,97.0,False,False
Goa,North Goa,Population and Household Profile,9,Female population age 6 years and above who ever attended school (%),87.0,89.5,False,False
Goa,North Goa,Population and Household Profile,10,Households with any usual female members owning a house and/or land (alone or jointly with others) (%),18.8,16.8,False,False
Goa,North Goa,Population and Household Profile,11,Children age 2-4 years who attended pre-school (%),55.0,64.3,False,False
Goa,North Goa,Characteristics of Adults (age 15-49 years),12,Women with 10 or more years of schooling (%),65.5,72.0,False,False
Goa,North Goa,Characteristics of Adults (age 15-49 years),13,Men with 10 or more years of schooling (%),68.4,77.3,False,False
Goa,North Goa,Characteristics of Adults (age 15-49 years),14,Women who have ever used the internet (%),92.5,70.0,False,False
Goa,North Goa,Characteristics of Adults (age 15-49 years),15,Men who have ever used the internet (%),92.1,85.3,False,False
Goa,North Goa,Marriage and Fertility,16,Women age 20-24 years married before age 18 years (%),9.5,7.5,False,False
Goa,North Goa,Marriage and Fertility,17,Men age 25-29 years married before age 21 years (%),*,*,True,False
Goa,North Goa,Marriage and Fertility,18,Three or more births in the 5 years preceding the survey (%),1.1,1.5,False,False
Goa,North Goa,Marriage and Fertility,19,Women age 15-19 years who were already mothers or pregnant at the time of the survey (%),0.0,2.7,False,False
Goa,North Goa,Marriage and Fertility,20,Any method2 (%),73.0,63.1,False,False
Goa,North Goa,Marriage and Fertility,21,Any modern method2 (%),38.5,54.8,False,False
Goa,North Goa,Marriage and Fertility,22,Any traditional method (%),34.5,8.3,False,False
Goa,North Goa,Marriage and Fertility,23,Female sterilization (%),22.5,23.0,False,False
Goa,North Goa,Marriage and Fertility,24,Male sterilization (%),0.0,0.0,False,False
Goa,North Goa,Marriage and Fertility,25,Total unmet need3 (%),5.3,9.2,False,False
Goa,North Goa,Marriage and Fertility,26,Unmet need for spacing3 (%),3.1,4.5,False,False
Goa,North Goa,Marriage and Fertility,27,Unmet need for limiting3 (%),2.2,4.7,False,False
Goa,North Goa,Antenatal Care (for last birth in the 5 years before the survey),28,Mothers who had an antenatal check-up in the first trimester (%),91.3,74.6,False,False
Goa,North Goa,Antenatal Care (for last birth in the 5 years before the survey),29,Mothers who had any antenatal care visits (%),98.6,98.9,False,False
Goa,North Goa,Antenatal Care (for last birth in the 5 years before the survey),30,Mothers who had at least 4 antenatal care visits (%),88.0,91.3,False,False
Goa,North Goa,Antenatal Care (for last birth in the 5 years before the survey),31,Mothers whose last birth was protected against neonatal tetanus4 (%),96.6,95.8,False,False
Goa,North Goa,Antenatal Care (for last birth in the 5 years before the survey),32,Mothers who consumed iron folic acid for 100 days or more when they were pregnant (%),84.2,84.8,False,False
Goa,North Goa,Antenatal Care (for last birth in the 5 years before the survey),33,Mothers who consumed iron folic acid for 180 days or more when they were pregnant (%),64.1,68.4,False,False
Goa,North Goa,Antenatal Care (for last birth in the 5 years before the survey),34,Registered pregnancies for which the mother received a Mother and Child Protection (MCP) card (%),91.2,100.0,False,False
Goa,North Goa,Delivery Care (for births in the 5 years before the survey),35,Institutional births (%),100.0,99.6,False,False
Goa,North Goa,Delivery Care (for births in the 5 years before the survey),36,Institutional births in public facility (%),62.9,58.6,False,False
Goa,North Goa,Delivery Care (for births in the 5 years before the survey),37,Births attended by skilled health personnel5 (%),100.0,98.6,False,False
Goa,North Goa,Delivery Care (for births in the 5 years before the survey),38,Births delivered by caesarean section (%),42.6,39.5,False,False
Goa,North Goa,Delivery Care (for births in the 5 years before the survey),39,Births in a private health facility that were delivered by caesarean section (%),64.8,46.7,True,False
Goa,North Goa,Delivery Care (for births in the 5 years before the survey),40,Births in a public health facility that were delivered by caesarean section (%),29.6,34.7,False,False
Goa,North Goa,Postnatal Care (for last birth in the 5 years before the survey),41,Mothers who received postnatal care from a doctor/nurse/LHV/ANM/midwife/other health personnel within 2,96.6,93.1,False,False
Goa,North Goa,Postnatal Care (for last birth in the 5 years before the survey),42,Children born at home who were taken to a health facility for a check-up within 24 hours of birth (%),*,*,True,False
Goa,North Goa,Postnatal Care (for last birth in the 5 years before the survey),43,Children who received postnatal care from a doctor/nurse/LHV/ANM/midwife/other health personnel within 2,97.3,95.9,False,False
Goa,North Goa,Child Vaccinations and Vitamin A Supplementation,44,Children age 12-23 months fully vaccinated based on information from either vaccination card or mother's,94.6,78.6,True,False
Goa,North Goa,Child Vaccinations and Vitamin A Supplementation,45,Children age 12-23 months fully vaccinated based on information from vaccination card only7 (%),96.0,87.5,True,False
Goa,North Goa,Child Vaccinations and Vitamin A Supplementation,46,Children age 12-23 months who have received any vaccine (%),100.0,97.1,True,False
Goa,North Goa,Child Vaccinations and Vitamin A Supplementation,47,Children age 12-23 months who have received BCG (%),100.0,97.1,True,False
Goa,North Goa,Child Vaccinations and Vitamin A Supplementation,48,Children age 12-23 months who have received 3 doses of polio vaccine8 (%),94.6,85.5,True,False
Goa,North Goa,Child Vaccinations and Vitamin A Supplementation,49,Children age 12-23 months who have received 3 doses of pentavalent vaccine (%),100.0,87.3,True,False
Goa,North Goa,Child Vaccinations and Vitamin A Supplementation,50,Children age 12-23 months who have received the first dose of measles-containing vaccine (MCV) (%),100.0,92.2,True,False
Goa,North Goa,Child Vaccinations and Vitamin A Supplementation,51,Children age 24-35 months who have received a second dose of measles-containing vaccine (MCV) (%),96.1,34.6,True,False
Goa,North Goa,Child Vaccinations and Vitamin A Supplementation,52,Children age 12-23 months who have received birth dose of hepatitis B vaccine (%),90.6,76.7,True,False
Goa,North Goa,Child Vaccinations and Vitamin A Supplementation,53,Children age 12-23 months who have received 3 doses of rotavirus vaccine (%),97.3,5.3,True,False
Goa,North Goa,Child Vaccinations and Vitamin A Supplementation,54,Children age 9-35 months who received a vitamin A dose in the last 6 months (%),90.3,94.4,False,False
Goa,North Goa,Child Vaccinations and Vitamin A Supplementation,55,Children age 12-23 months who received most of their vaccinations in a public health facility (%),94.2,93.8,True,False
Goa,North Goa,Child Vaccinations and Vitamin A Supplementation,56,Children age 12-23 months who received most of their vaccinations in a private health facility (%),5.8,6.2,True,False
Goa,North Goa,Treatment of Childhood Diseases (children under age 5 years),57,Prevalence of diarrhoea in the 2 weeks preceding the survey (%),0.9,3.6,False,False
Goa,North Goa,Treatment of Childhood Diseases (children under age 5 years),58,Prevalence of symptoms of acute respiratory infection (ARI) in the 2 weeks preceding the survey (%),0.0,1.5,False,False
Goa,North Goa,Treatment of Childhood Diseases (children under age 5 years),59,Children with fever or symptoms of ARI in the 2 weeks preceding the survey taken to a health facility or,*,83.6,True,False
Goa,North Goa,Child Feeding Practices and Nutritional Status of Children,60,Children under age 3 years breastfed within one hour of birth9 (%),43.4,61.1,False,False
Goa,North Goa,Child Feeding Practices and Nutritional Status of Children,61,Children under age 6 months exclusively breastfed10 (%),*,*,True,False
Goa,North Goa,Child Feeding Practices and Nutritional Status of Children,62,Children under age 6 months currently breastfeeding10 (%),*,*,True,False
Goa,North Goa,Child Feeding Practices and Nutritional Status of Children,63,Children under age 6 months exclusively breastfed or breastfeeding and consuming plain water/other,*,*,True,False
Goa,North Goa,Child Feeding Practices and Nutritional Status of Children,64,Children age 6-8 months receiving solid or semi-solid food and breastmilk10 (%),*,*,True,False
Goa,North Goa,Child Feeding Practices and Nutritional Status of Children,65,"Breastfeeding children age 6-23 months receiving an adequate diet10, 11 (%)",27.4,26.9,True,False
Goa,North Goa,Child Feeding Practices and Nutritional Status of Children,66,"Non-breastfeeding children age 6-23 months receiving an adequate diet10, 11 (%)",*,*,True,False
Goa,North Goa,Child Feeding Practices and Nutritional Status of Children,67,"Total children age 6-23 months receiving an adequate diet10, 11 (%)",26.5,25.8,True,False
Goa,North Goa,Child Feeding Practices and Nutritional Status of Children,68,Children under 5 years who are stunted (height-for-age)12 (%),14.8,24.2,False,False
Goa,North Goa,Child Feeding Practices and Nutritional Status of Children,69,Children under 5 years who are wasted (weight-for-height)12 (%),15.9,17.7,False,False
Goa,North Goa,Child Feeding Practices and Nutritional Status of Children,70,Children under 5 years who are severely wasted (weight-for-height)13 (%),3.4,7.3,False,False
Goa,North Goa,Child Feeding Practices and Nutritional Status of Children,71,Children under 5 years who are underweight (weight-for-age)12 (%),18.0,25.8,False,False
Goa,North Goa,Child Feeding Practices and Nutritional Status of Children,72,Children under 5 years who are overweight (weight-for-height)14 (%),0.0,2.7,False,False
Goa,North Goa,Nutritional Status of Adults (age 15-49 years),73,Women whose Body Mass Index (BMI) is below normal (BMI <18.5 kg/m2)15 (%),14.5,14.1,False,False
Goa,North Goa,Nutritional Status of Adults (age 15-49 years),74,Women who are overweight or obese (BMI ≥25.0 kg/m2)15 (%),42.2,37.2,False,False
Goa,North Goa,Women,75,Blood sugar level - high (141-160 mg/dl)16 (%),8.8,7.9,False,False
Goa,North Goa,Women,76,Blood sugar level - very high (>160 mg/dl)16 (%),14.5,11.0,False,False
Goa,North Goa,Women,77,Blood sugar level - high or very high (>140 mg/dl) or taking medicine to control blood sugar level16 (%),27.2,20.6,False,False
Goa,North Goa,Men,78,Blood sugar level - high (141-160 mg/dl)16 (%),9.5,9.7,False,False
Goa,North Goa,Men,79,Blood sugar level - very high (>160 mg/dl)16 (%),17.3,13.1,False,False
Goa,North Goa,Men,80,Blood sugar level - high or very high (>140 mg/dl) or taking medicine to control blood sugar level16 (%),31.0,24.9,False,False
Goa,North Goa,Women,81,Mildly elevated blood pressure (Systolic 140-159 mm of Hg and/or Diastolic 90-99 mm of Hg) (%),8.3,11.0,False,False
Goa,North Goa,Women,82,Moderately or severely elevated blood pressure (Systolic ≥160 mm of Hg and/or Diastolic ≥100 mm,4.5,4.1,False,False
Goa,North Goa,Women,83,Elevated blood pressure (Systolic ≥140 mm of Hg and/or Diastolic ≥90 mm of Hg) or taking medicine to,24.4,27.3,False,False
Goa,North Goa,Men,84,Mildly elevated blood pressure (Systolic 140-159 mm of Hg and/or Diastolic 90-99 mm of Hg) (%),10.2,15.8,False,False
Goa,North Goa,Men,85,Moderately or severely elevated blood pressure (Systolic ≥160 mm of Hg and/or Diastolic ≥100 mm,7.6,5.6,False,False
Goa,North Goa,Men,86,Elevated blood pressure (Systolic ≥140 mm of Hg and/or Diastolic ≥90 mm of Hg) or taking medicine to,28.1,28.3,False,False
Goa,North Goa,Men,87,Women having a bank or savings account that they themselves use (%),91.9,88.8,False,False
Goa,North Goa,Men,88,Women having a mobile phone that they themselves use (%),89.4,90.9,False,False
Goa,North Goa,Men,89,Women age 15-24 years who use hygienic methods of protection during their menstrual period17 (%),96.7,97.3,False,False
Goa,North Goa,Tobacco Use and Alcohol Consumption among Adults (age 15 years and above),90,Women age 15 years and above who use any kind of tobacco (%),3.6,2.7,False,False
Goa,North Goa,Tobacco Use and Alcohol Consumption among Adults (age 15 years and above),91,Men age 15 years and above who use any kind of tobacco (%),17.4,19.2,False,False
Goa,North Goa,Tobacco Use and Alcohol Consumption among Adults (age 15 years and above),92,Women age 15 years and above who consume alcohol (%),2.4,4.4,False,False
Goa,North Goa,Tobacco Use and Alcohol Consumption among Adults (age 15 years and above),93,Men age 15 years and above who consume alcohol (%),22.7,33.8,False,False
Goa,South Goa,Population and Household Profile,1,Population below age 5 years (%),5.7,4.4,False,False
Goa,South Goa,Population and Household Profile,2,Population below age 15 years (%),18.7,18.9,False,False
Goa,South Goa,Population and Household Profile,3,Population age 60 years and above (%),17.6,14.6,False,False
Goa,South Goa,Population and Household Profile,4,Population living in households with electricity (%),100.0,100.0,False,False
Goa,South Goa,Population and Household Profile,5,Population living in households with an improved drinking-water source1 (%),95.1,99.0,False,False
Goa,South Goa,Population and Household Profile,6,Households using iodized salt (%),96.2,96.9,False,False
Goa,South Goa,Population and Household Profile,7,Households with any usual member covered under a health insurance/financing scheme (%),71.7,75.3,False,False
Goa,South Goa,Population and Household Profile,8,Households with any usual member having a bank account/post office account (%),99.0,97.6,False,False
Goa,South Goa,Population and Household Profile,9,Female population age 6 years and above who ever attended school (%),87.5,88.2,False,False
Goa,South Goa,Population and Household Profile,10,Households with any usual female members owning a house and/or land (alone or jointly with others) (%),25.0,14.9,False,False
Goa,South Goa,Population and Household Profile,11,Children age 2-4 years who attended pre-school (%),59.9,49.2,False,False
Goa,South Goa,Characteristics of Adults (age 15-49 years),12,Women with 10 or more years of schooling (%),67.9,70.9,False,False
Goa,South Goa,Characteristics of Adults (age 15-49 years),13,Men with 10 or more years of schooling (%),72.7,75.7,False,False
Goa,South Goa,Characteristics of Adults (age 15-49 years),14,Women who have ever used the internet (%),96.0,77.4,False,False
Goa,South Goa,Characteristics of Adults (age 15-49 years),15,Men who have ever used the internet (%),88.6,80.7,False,False
Goa,South Goa,Marriage and Fertility,16,Women age 20-24 years married before age 18 years (%),3.5,3.9,False,False
Goa,South Goa,Marriage and Fertility,17,Men age 25-29 years married before age 21 years (%),*,*,True,False
Goa,South Goa,Marriage and Fertility,18,Three or more births in the 5 years preceding the survey (%),0.8,1.4,False,False
Goa,South Goa,Marriage and Fertility,19,Women age 15-19 years who were already mothers or pregnant at the time of the survey (%),2.4,2.8,False,False
Goa,South Goa,Marriage and Fertility,20,Any method2 (%),72.5,75.0,False,False
Goa,South Goa,Marriage and Fertility,21,Any modern method2 (%),39.7,67.8,False,False
Goa,South Goa,Marriage and Fertility,22,Any traditional method (%),32.8,7.2,False,False
Goa,South Goa,Marriage and Fertility,23,Female sterilization (%),24.5,40.0,False,False
Goa,South Goa,Marriage and Fertility,24,Male sterilization (%),0.3,0.0,False,False
Goa,South Goa,Marriage and Fertility,25,Total unmet need3 (%),4.9,7.2,False,False
Goa,South Goa,Marriage and Fertility,26,Unmet need for spacing3 (%),3.7,3.3,False,False
Goa,South Goa,Marriage and Fertility,27,Unmet need for limiting3 (%),1.2,3.9,False,False
Goa,South Goa,Antenatal Care (for last birth in the 5 years before the survey),28,Mothers who had an antenatal check-up in the first trimester (%),93.1,62.7,False,False
Goa,South Goa,Antenatal Care (for last birth in the 5 years before the survey),29,Mothers who had any antenatal care visits (%),100.0,98.6,False,False
Goa,South Goa,Antenatal Care (for last birth in the 5 years before the survey),30,Mothers who had at least 4 antenatal care visits (%),87.9,96.0,False,False
Goa,South Goa,Antenatal Care (for last birth in the 5 years before the survey),31,Mothers whose last birth was protected against neonatal tetanus4 (%),95.8,97.8,False,False
Goa,South Goa,Antenatal Care (for last birth in the 5 years before the survey),32,Mothers who consumed iron folic acid for 100 days or more when they were pregnant (%),74.7,92.2,False,False
Goa,South Goa,Antenatal Care (for last birth in the 5 years before the survey),33,Mothers who consumed iron folic acid for 180 days or more when they were pregnant (%),63.6,59.1,False,False
Goa,South Goa,Antenatal Care (for last birth in the 5 years before the survey),34,Registered pregnancies for which the mother received a Mother and Child Protection (MCP) card (%),96.3,99.5,False,False
Goa,South Goa,Delivery Care (for births in the 5 years before the survey),35,Institutional births (%),99.2,100.0,False,False
Goa,South Goa,Delivery Care (for births in the 5 years before the survey),36,Institutional births in public facility (%),57.8,52.0,False,False
Goa,South Goa,Delivery Care (for births in the 5 years before the survey),37,Births attended by skilled health personnel5 (%),99.2,100.0,False,False
Goa,South Goa,Delivery Care (for births in the 5 years before the survey),38,Births delivered by caesarean section (%),50.8,39.4,False,False
Goa,South Goa,Delivery Care (for births in the 5 years before the survey),39,Births in a private health facility that were delivered by caesarean section (%),75.4,54.9,False,False
Goa,South Goa,Delivery Care (for births in the 5 years before the survey),40,Births in a public health facility that were delivered by caesarean section (%),34.0,25.2,False,False
Goa,South Goa,Postnatal Care (for last birth in the 5 years before the survey),41,Mothers who received postnatal care from a doctor/nurse/LHV/ANM/midwife/other health personnel within 2,97.2,99.5,False,False
Goa,South Goa,Postnatal Care (for last birth in the 5 years before the survey),42,Children born at home who were taken to a health facility for a check-up within 24 hours of birth (%),*,*,True,False
Goa,South Goa,Postnatal Care (for last birth in the 5 years before the survey),43,Children who received postnatal care from a doctor/nurse/LHV/ANM/midwife/other health personnel within 2,97.2,98.0,False,False
Goa,South Goa,Child Vaccinations and Vitamin A Supplementation,44,Children age 12-23 months fully vaccinated based on information from either vaccination card or mother's,92.9,*,True,False
Goa,South Goa,Child Vaccinations and Vitamin A Supplementation,45,Children age 12-23 months fully vaccinated based on information from vaccination card only7 (%),92.4,*,True,False
Goa,South Goa,Child Vaccinations and Vitamin A Supplementation,46,Children age 12-23 months who have received any vaccine (%),96.8,*,True,False
Goa,South Goa,Child Vaccinations and Vitamin A Supplementation,47,Children age 12-23 months who have received BCG (%),96.8,*,True,False
Goa,South Goa,Child Vaccinations and Vitamin A Supplementation,48,Children age 12-23 months who have received 3 doses of polio vaccine8 (%),92.9,*,True,False
Goa,South Goa,Child Vaccinations and Vitamin A Supplementation,49,Children age 12-23 months who have received 3 doses of pentavalent vaccine (%),96.8,*,True,False
Goa,South Goa,Child Vaccinations and Vitamin A Supplementation,50,Children age 12-23 months who have received the first dose of measles-containing vaccine (MCV) (%),96.8,*,True,False
Goa,South Goa,Child Vaccinations and Vitamin A Supplementation,51,Children age 24-35 months who have received a second dose of measles-containing vaccine (MCV) (%),78.1,30.9,True,False
Goa,South Goa,Child Vaccinations and Vitamin A Supplementation,52,Children age 12-23 months who have received birth dose of hepatitis B vaccine (%),93.4,*,True,False
Goa,South Goa,Child Vaccinations and Vitamin A Supplementation,53,Children age 12-23 months who have received 3 doses of rotavirus vaccine (%),96.8,*,True,False
Goa,South Goa,Child Vaccinations and Vitamin A Supplementation,54,Children age 9-35 months who received a vitamin A dose in the last 6 months (%),92.3,88.0,False,False
Goa,South Goa,Child Vaccinations and Vitamin A Supplementation,55,Children age 12-23 months who received most of their vaccinations in a public health facility (%),94.5,*,True,False
Goa,South Goa,Child Vaccinations and Vitamin A Supplementation,56,Children age 12-23 months who received most of their vaccinations in a private health facility (%),1.6,*,True,False
Goa,South Goa,Treatment of Childhood Diseases (children under age 5 years),57,Prevalence of diarrhoea in the 2 weeks preceding the survey (%),0.5,2.5,False,False
Goa,South Goa,Treatment of Childhood Diseases (children under age 5 years),58,Prevalence of symptoms of acute respiratory infection (ARI) in the 2 weeks preceding the survey (%),1.5,0.0,False,False
Goa,South Goa,Treatment of Childhood Diseases (children under age 5 years),59,Children with fever or symptoms of ARI in the 2 weeks preceding the survey taken to a health facility or,*,*,True,False
Goa,South Goa,Child Feeding Practices and Nutritional Status of Children,60,Children under age 3 years breastfed within one hour of birth9 (%),53.9,62.6,False,False
Goa,South Goa,Child Feeding Practices and Nutritional Status of Children,61,Children under age 6 months exclusively breastfed10 (%),*,*,True,False
Goa,South Goa,Child Feeding Practices and Nutritional Status of Children,62,Children under age 6 months currently breastfeeding10 (%),*,*,True,False
Goa,South Goa,Child Feeding Practices and Nutritional Status of Children,63,Children under age 6 months exclusively breastfed or breastfeeding and consuming plain water/other,*,*,True,False
Goa,South Goa,Child Feeding Practices and Nutritional Status of Children,64,Children age 6-8 months receiving solid or semi-solid food and breastmilk10 (%),*,*,True,False
Goa,South Goa,Child Feeding Practices and Nutritional Status of Children,65,"Breastfeeding children age 6-23 months receiving an adequate diet10, 11 (%)",42.7,8.9,True,False
Goa,South Goa,Child Feeding Practices and Nutritional Status of Children,66,"Non-breastfeeding children age 6-23 months receiving an adequate diet10, 11 (%)",*,*,True,False
Goa,South Goa,Child Feeding Practices and Nutritional Status of Children,67,"Total children age 6-23 months receiving an adequate diet10, 11 (%)",40.7,13.4,True,False
Goa,South Goa,Child Feeding Practices and Nutritional Status of Children,68,Children under 5 years who are stunted (height-for-age)12 (%),25.3,28.3,False,False
Goa,South Goa,Child Feeding Practices and Nutritional Status of Children,69,Children under 5 years who are wasted (weight-for-height)12 (%),16.9,21.4,False,False
Goa,South Goa,Child Feeding Practices and Nutritional Status of Children,70,Children under 5 years who are severely wasted (weight-for-height)13 (%),1.0,8.0,False,False
Goa,South Goa,Child Feeding Practices and Nutritional Status of Children,71,Children under 5 years who are underweight (weight-for-age)12 (%),22.5,21.0,False,False
Goa,South Goa,Child Feeding Practices and Nutritional Status of Children,72,Children under 5 years who are overweight (weight-for-height)14 (%),2.2,2.8,False,False
Goa,South Goa,Nutritional Status of Adults (age 15-49 years),73,Women whose Body Mass Index (BMI) is below normal (BMI <18.5 kg/m2)15 (%),15.6,13.5,False,False
Goa,South Goa,Nutritional Status of Adults (age 15-49 years),74,Women who are overweight or obese (BMI ≥25.0 kg/m2)15 (%),48.9,34.6,False,False
Goa,South Goa,Women,75,Blood sugar level - high (141-160 mg/dl)16 (%),8.7,9.4,False,False
Goa,South Goa,Women,76,Blood sugar level - very high (>160 mg/dl)16 (%),15.5,7.9,False,False
Goa,South Goa,Women,77,Blood sugar level - high or very high (>140 mg/dl) or taking medicine to control blood sugar level16 (%),28.0,21.1,False,False
Goa,South Goa,Men,78,Blood sugar level - high (141-160 mg/dl)16 (%),11.0,11.1,False,False
Goa,South Goa,Men,79,Blood sugar level - very high (>160 mg/dl)16 (%),17.4,9.8,False,False
Goa,South Goa,Men,80,Blood sugar level - high or very high (>140 mg/dl) or taking medicine to control blood sugar level16 (%),33.7,23.2,False,False
Goa,South Goa,Women,81,Mildly elevated blood pressure (Systolic 140-159 mm of Hg and/or Diastolic 90-99 mm of Hg) (%),8.3,13.6,False,False
Goa,South Goa,Women,82,Moderately or severely elevated blood pressure (Systolic ≥160 mm of Hg and/or Diastolic ≥100 mm,5.8,3.0,False,False
Goa,South Goa,Women,83,Elevated blood pressure (Systolic ≥140 mm of Hg and/or Diastolic ≥90 mm of Hg) or taking medicine to,28.7,27.7,False,False
Goa,South Goa,Men,84,Mildly elevated blood pressure (Systolic 140-159 mm of Hg and/or Diastolic 90-99 mm of Hg) (%),8.9,13.5,False,False
Goa,South Goa,Men,85,Moderately or severely elevated blood pressure (Systolic ≥160 mm of Hg and/or Diastolic ≥100 mm,6.2,3.7,False,False
Goa,South Goa,Men,86,Elevated blood pressure (Systolic ≥140 mm of Hg and/or Diastolic ≥90 mm of Hg) or taking medicine to,26.7,25.0,False,False
Goa,South Goa,Men,87,Women having a bank or savings account that they themselves use (%),90.1,87.9,False,False
Goa,South Goa,Men,88,Women having a mobile phone that they themselves use (%),90.6,91.5,False,False
Goa,South Goa,Men,89,Women age 15-24 years who use hygienic methods of protection during their menstrual period17 (%),98.6,96.2,False,False
Goa,South Goa,Tobacco Use and Alcohol Consumption among Adults (age 15 years and above),90,Women age 15 years and above who use any kind of tobacco (%),2.5,2.5,False,False
Goa,South Goa,Tobacco Use and Alcohol Consumption among Adults (age 15 years and above),91,Men age 15 years and above who use any kind of tobacco (%),16.7,16.9,False,False
Goa,South Goa,Tobacco Use and Alcohol Consumption among Adults (age 15 years and above),92,Women age 15 years and above who consume alcohol (%),1.6,7.0,False,False
Goa,South Goa,Tobacco Use and Alcohol Consumption among Adults (age 15 years and above),93,Men age 15 years and above who consume alcohol (%),21.8,41.1,False,False
